<?xml version="1.0" encoding="UTF-8"?>
<configurationDescriptor version="62">
  <logicalFolder name="root" displayName="root" projectFiles="true">
    <logicalFolder name="src" displayName="src" projectFiles="true">
      <logicalFolder name="3rdparty" displayName="3rdparty" projectFiles="true">
        <logicalFolder name="md5" displayName="md5" projectFiles="true">
          <itemPath>../src/3rdparty/md5/md5.h</itemPath>
        </logicalFolder>
        <logicalFolder name="minilzo" displayName="minilzo" projectFiles="true">
          <itemPath>../src/3rdparty/minilzo/lzoconf.h</itemPath>
          <itemPath>../src/3rdparty/minilzo/lzodefs.h</itemPath>
          <itemPath>../src/3rdparty/minilzo/minilzo.h</itemPath>
        </logicalFolder>
        <logicalFolder name="squirrel" displayName="squirrel" projectFiles="true">
          <logicalFolder name="sqstdlib" displayName="sqstdlib" projectFiles="true">
            <itemPath>../src/3rdparty/squirrel/sqstdlib/sqstdblobimpl.h</itemPath>
            <itemPath>../src/3rdparty/squirrel/sqstdlib/sqstdstream.h</itemPath>
          </logicalFolder>
          <logicalFolder name="squirrel" displayName="squirrel" projectFiles="true">
            <itemPath>../src/3rdparty/squirrel/squirrel/sqarray.h</itemPath>
            <itemPath>../src/3rdparty/squirrel/squirrel/sqclass.h</itemPath>
            <itemPath>../src/3rdparty/squirrel/squirrel/sqclosure.h</itemPath>
            <itemPath>../src/3rdparty/squirrel/squirrel/sqcompiler.h</itemPath>
            <itemPath>../src/3rdparty/squirrel/squirrel/sqfuncproto.h</itemPath>
            <itemPath>../src/3rdparty/squirrel/squirrel/sqfuncstate.h</itemPath>
            <itemPath>../src/3rdparty/squirrel/squirrel/sqlexer.h</itemPath>
            <itemPath>../src/3rdparty/squirrel/squirrel/sqobject.h</itemPath>
            <itemPath>../src/3rdparty/squirrel/squirrel/sqopcodes.h</itemPath>
            <itemPath>../src/3rdparty/squirrel/squirrel/sqpcheader.h</itemPath>
            <itemPath>../src/3rdparty/squirrel/squirrel/sqstate.h</itemPath>
            <itemPath>../src/3rdparty/squirrel/squirrel/sqstring.h</itemPath>
            <itemPath>../src/3rdparty/squirrel/squirrel/sqtable.h</itemPath>
            <itemPath>../src/3rdparty/squirrel/squirrel/squserdata.h</itemPath>
            <itemPath>../src/3rdparty/squirrel/squirrel/squtils.h</itemPath>
            <itemPath>../src/3rdparty/squirrel/squirrel/sqvm.h</itemPath>
          </logicalFolder>
        </logicalFolder>
      </logicalFolder>
      <logicalFolder name="misc" displayName="misc" projectFiles="true">
        <itemPath>../src/misc/dbg_helpers.h</itemPath>
      </logicalFolder>
      <logicalFolder name="music" displayName="music" projectFiles="true">
        <itemPath>../src/music/bemidi.h</itemPath>
        <itemPath>../src/music/extmidi.h</itemPath>
        <itemPath>../src/music/libtimidity.h</itemPath>
        <itemPath>../src/music/null_m.h</itemPath>
        <itemPath>../src/music/os2_m.h</itemPath>
        <itemPath>../src/music/qtmidi.h</itemPath>
        <itemPath>../src/music/win32_m.h</itemPath>
      </logicalFolder>
      <logicalFolder name="network" displayName="network" projectFiles="true">
        <logicalFolder name="core" displayName="core" projectFiles="true">
          <itemPath>../src/network/core/address.h</itemPath>
          <itemPath>../src/network/core/config.h</itemPath>
          <itemPath>../src/network/core/core.h</itemPath>
          <itemPath>../src/network/core/game.h</itemPath>
          <itemPath>../src/network/core/os_abstraction.h</itemPath>
          <itemPath>../src/network/core/packet.h</itemPath>
          <itemPath>../src/network/core/tcp.h</itemPath>
          <itemPath>../src/network/core/tcp_content.h</itemPath>
        </logicalFolder>
        <itemPath>../src/network/network.h</itemPath>
        <itemPath>../src/network/network_base.h</itemPath>
        <itemPath>../src/network/network_content.h</itemPath>
        <itemPath>../src/network/network_func.h</itemPath>
        <itemPath>../src/network/network_gui.h</itemPath>
        <itemPath>../src/network/network_type.h</itemPath>
      </logicalFolder>
      <logicalFolder name="os" displayName="os" projectFiles="true">
        <logicalFolder name="macosx" displayName="macosx" projectFiles="true">
          <itemPath>../src/os/macosx/macos.h</itemPath>
          <itemPath>../src/os/macosx/splash.h</itemPath>
        </logicalFolder>
        <logicalFolder name="windows" displayName="windows" projectFiles="true">
          <itemPath>../src/os/windows/win32.h</itemPath>
        </logicalFolder>
      </logicalFolder>
      <logicalFolder name="saveload" displayName="saveload" projectFiles="true">
        <itemPath>../src/saveload/oldloader.h</itemPath>
        <itemPath>../src/saveload/saveload.h</itemPath>
        <itemPath>../src/saveload/saveload_internal.h</itemPath>
      </logicalFolder>
      <logicalFolder name="sound" displayName="sound" projectFiles="true">
        <itemPath>../src/sound/null_s.h</itemPath>
        <itemPath>../src/sound/win32_s.h</itemPath>
      </logicalFolder>
      <logicalFolder name="strgen" displayName="strgen" projectFiles="true">
        <itemPath>../src/strgen/strgen.h</itemPath>
      </logicalFolder>
      <logicalFolder name="table" displayName="table" projectFiles="true">
        <itemPath>../src/table/animcursors.h</itemPath>
        <itemPath>../src/table/autorail.h</itemPath>
        <itemPath>../src/table/bridge_land.h</itemPath>
        <itemPath>../src/table/build_industry.h</itemPath>
        <itemPath>../src/table/cargo_const.h</itemPath>
        <itemPath>../src/table/clear_land.h</itemPath>
        <itemPath>../src/table/control_codes.h</itemPath>
        <itemPath>../src/table/elrail_data.h</itemPath>
        <itemPath>../src/table/engines.h</itemPath>
        <itemPath>../src/table/genland.h</itemPath>
        <itemPath>../src/table/industry_land.h</itemPath>
        <itemPath>../src/table/landscape_sprite.h</itemPath>
        <itemPath>../src/table/palette_convert.h</itemPath>
        <itemPath>../src/table/palettes.h</itemPath>
        <itemPath>../src/table/pricebase.h</itemPath>
        <itemPath>../src/table/railtypes.h</itemPath>
        <itemPath>../src/table/road_land.h</itemPath>
        <itemPath>../src/table/roadveh_movement.h</itemPath>
        <itemPath>../src/table/settings.h</itemPath>
        <itemPath>../src/table/sprites.h</itemPath>
        <itemPath>../src/table/station_land.h</itemPath>
        <itemPath>../src/table/strgen_tables.h</itemPath>
        <itemPath>../src/table/town_land.h</itemPath>
        <itemPath>../src/table/townname.h</itemPath>
        <itemPath>../src/table/track_land.h</itemPath>
        <itemPath>../src/table/train_cmd.h</itemPath>
        <itemPath>../src/table/tree_land.h</itemPath>
        <itemPath>../src/table/unicode.h</itemPath>
        <itemPath>../src/table/unmovable_land.h</itemPath>
        <itemPath>../src/table/water_land.h</itemPath>
      </logicalFolder>
      <logicalFolder name="thread" displayName="thread" projectFiles="true">
        <itemPath>../src/thread/thread.h</itemPath>
      </logicalFolder>
      <logicalFolder name="video" displayName="video" projectFiles="true">
        <itemPath>../src/video/null_v.h</itemPath>
        <itemPath>../src/video/win32_v.h</itemPath>
      </logicalFolder>
      <logicalFolder name="widgets" displayName="widgets" projectFiles="true">
        <itemPath>../src/widgets/dropdown_func.h</itemPath>
        <itemPath>../src/widgets/dropdown_type.h</itemPath>
      </logicalFolder>
      <logicalFolder name="yapf" displayName="yapf" projectFiles="true">
        <itemPath>../src/yapf/yapf.h</itemPath>
      </logicalFolder>
      <itemPath>../src/aircraft.h</itemPath>
      <itemPath>../src/airport.h</itemPath>
      <itemPath>../src/airport_movement.h</itemPath>
      <itemPath>../src/animated_tile_func.h</itemPath>
      <itemPath>../src/articulated_vehicles.h</itemPath>
      <itemPath>../src/autoreplace_base.h</itemPath>
      <itemPath>../src/autoreplace_func.h</itemPath>
      <itemPath>../src/autoreplace_gui.h</itemPath>
      <itemPath>../src/autoreplace_type.h</itemPath>
      <itemPath>../src/autoslope.h</itemPath>
      <itemPath>../src/aystar.h</itemPath>
      <itemPath>../src/base_media_base.h</itemPath>
      <itemPath>../src/base_media_func.h</itemPath>
      <itemPath>../src/base_station_base.h</itemPath>
      <itemPath>../src/bmp.h</itemPath>
      <itemPath>../src/bridge.h</itemPath>
      <itemPath>../src/bridge_map.h</itemPath>
      <itemPath>../src/callback_table.h</itemPath>
      <itemPath>../src/cargo_type.h</itemPath>
      <itemPath>../src/cargopacket.h</itemPath>
      <itemPath>../src/cargotype.h</itemPath>
      <itemPath>../src/cheat_func.h</itemPath>
      <itemPath>../src/cheat_type.h</itemPath>
      <itemPath>../src/clear_map.h</itemPath>
      <itemPath>../src/cmd_helper.h</itemPath>
      <itemPath>../src/command_func.h</itemPath>
      <itemPath>../src/command_type.h</itemPath>
      <itemPath>../src/company_base.h</itemPath>
      <itemPath>../src/company_func.h</itemPath>
      <itemPath>../src/company_gui.h</itemPath>
      <itemPath>../src/company_manager_face.h</itemPath>
      <itemPath>../src/company_type.h</itemPath>
      <itemPath>../src/console_func.h</itemPath>
      <itemPath>../src/console_gui.h</itemPath>
      <itemPath>../src/console_internal.h</itemPath>
      <itemPath>../src/console_type.h</itemPath>
      <itemPath>../src/crashlog.h</itemPath>
      <itemPath>../src/currency.h</itemPath>
      <itemPath>../src/date_func.h</itemPath>
      <itemPath>../src/date_type.h</itemPath>
      <itemPath>../src/debug.h</itemPath>
      <itemPath>../src/depot_base.h</itemPath>
      <itemPath>../src/depot_func.h</itemPath>
      <itemPath>../src/depot_map.h</itemPath>
      <itemPath>../src/depot_type.h</itemPath>
      <itemPath>../src/direction_func.h</itemPath>
      <itemPath>../src/direction_type.h</itemPath>
      <itemPath>../src/driver.h</itemPath>
      <itemPath>../src/economy_base.h</itemPath>
      <itemPath>../src/economy_func.h</itemPath>
      <itemPath>../src/economy_type.h</itemPath>
      <itemPath>../src/effectvehicle_base.h</itemPath>
      <itemPath>../src/effectvehicle_func.h</itemPath>
      <itemPath>../src/elrail_func.h</itemPath>
      <itemPath>../src/engine_base.h</itemPath>
      <itemPath>../src/engine_func.h</itemPath>
      <itemPath>../src/engine_gui.h</itemPath>
      <itemPath>../src/engine_type.h</itemPath>
      <itemPath>../src/fileio_func.h</itemPath>
      <itemPath>../src/fileio_type.h</itemPath>
      <itemPath>../src/fios.h</itemPath>
      <itemPath>../src/fontcache.h</itemPath>
      <itemPath>../src/functions.h</itemPath>
      <itemPath>../src/gamelog.h</itemPath>
      <itemPath>../src/gamelog_internal.h</itemPath>
      <itemPath>../src/genworld.h</itemPath>
      <itemPath>../src/gfx_func.h</itemPath>
      <itemPath>../src/gfx_type.h</itemPath>
      <itemPath>../src/gfxinit.h</itemPath>
      <itemPath>../src/group.h</itemPath>
      <itemPath>../src/group_gui.h</itemPath>
      <itemPath>../src/group_type.h</itemPath>
      <itemPath>../src/gui.h</itemPath>
      <itemPath>../src/heightmap.h</itemPath>
      <itemPath>../src/highscore.h</itemPath>
      <itemPath>../src/house.h</itemPath>
      <itemPath>../src/house_type.h</itemPath>
      <itemPath>../src/industry.h</itemPath>
      <itemPath>../src/industry_map.h</itemPath>
      <itemPath>../src/industry_type.h</itemPath>
      <itemPath>../src/industrytype.h</itemPath>
      <itemPath>../src/ini_type.h</itemPath>
      <itemPath>../src/landscape.h</itemPath>
      <itemPath>../src/landscape_type.h</itemPath>
      <itemPath>../src/livery.h</itemPath>
      <itemPath>../src/map_func.h</itemPath>
      <itemPath>../src/map_type.h</itemPath>
      <itemPath>../src/mixer.h</itemPath>
      <itemPath>../src/music.h</itemPath>
      <itemPath>../src/newgrf.h</itemPath>
      <itemPath>../src/newgrf_callbacks.h</itemPath>
      <itemPath>../src/newgrf_canal.h</itemPath>
      <itemPath>../src/newgrf_cargo.h</itemPath>
      <itemPath>../src/newgrf_commons.h</itemPath>
      <itemPath>../src/newgrf_config.h</itemPath>
      <itemPath>../src/newgrf_engine.h</itemPath>
      <itemPath>../src/newgrf_generic.h</itemPath>
      <itemPath>../src/newgrf_house.h</itemPath>
      <itemPath>../src/newgrf_industries.h</itemPath>
      <itemPath>../src/newgrf_industrytiles.h</itemPath>
      <itemPath>../src/newgrf_properties.h</itemPath>
      <itemPath>../src/newgrf_sound.h</itemPath>
      <itemPath>../src/newgrf_spritegroup.h</itemPath>
      <itemPath>../src/newgrf_station.h</itemPath>
      <itemPath>../src/newgrf_storage.h</itemPath>
      <itemPath>../src/newgrf_text.h</itemPath>
      <itemPath>../src/newgrf_town.h</itemPath>
      <itemPath>../src/newgrf_townname.h</itemPath>
      <itemPath>../src/news_func.h</itemPath>
      <itemPath>../src/news_gui.h</itemPath>
      <itemPath>../src/news_type.h</itemPath>
      <itemPath>../src/npf.h</itemPath>
      <itemPath>../src/openttd.h</itemPath>
      <itemPath>../src/order_base.h</itemPath>
      <itemPath>../src/order_func.h</itemPath>
      <itemPath>../src/order_type.h</itemPath>
      <itemPath>../src/pathfind.h</itemPath>
      <itemPath>../src/pbs.h</itemPath>
      <itemPath>../src/querystring_gui.h</itemPath>
      <itemPath>../src/queue.h</itemPath>
      <itemPath>../src/rail.h</itemPath>
      <itemPath>../src/rail_gui.h</itemPath>
      <itemPath>../src/rail_map.h</itemPath>
      <itemPath>../src/rail_type.h</itemPath>
      <itemPath>../src/rev.h</itemPath>
      <itemPath>../src/road_cmd.h</itemPath>
      <itemPath>../src/road_func.h</itemPath>
      <itemPath>../src/road_gui.h</itemPath>
      <itemPath>../src/road_internal.h</itemPath>
      <itemPath>../src/road_map.h</itemPath>
      <itemPath>../src/road_type.h</itemPath>
      <itemPath>../src/roadstop_base.h</itemPath>
      <itemPath>../src/roadveh.h</itemPath>
      <itemPath>../src/screenshot.h</itemPath>
      <itemPath>../src/settings_func.h</itemPath>
      <itemPath>../src/settings_internal.h</itemPath>
      <itemPath>../src/settings_type.h</itemPath>
      <itemPath>../src/ship.h</itemPath>
      <itemPath>../src/signal_func.h</itemPath>
      <itemPath>../src/signal_type.h</itemPath>
      <itemPath>../src/signs_base.h</itemPath>
      <itemPath>../src/signs_func.h</itemPath>
      <itemPath>../src/signs_type.h</itemPath>
      <itemPath>../src/slope_func.h</itemPath>
      <itemPath>../src/slope_type.h</itemPath>
      <itemPath>../src/sortlist_type.h</itemPath>
      <itemPath>../src/sound_func.h</itemPath>
      <itemPath>../src/sound_type.h</itemPath>
      <itemPath>../src/sprite.h</itemPath>
      <itemPath>../src/spritecache.h</itemPath>
      <itemPath>../src/station_base.h</itemPath>
      <itemPath>../src/station_func.h</itemPath>
      <itemPath>../src/station_gui.h</itemPath>
      <itemPath>../src/station_map.h</itemPath>
      <itemPath>../src/station_type.h</itemPath>
      <itemPath>../src/statusbar_gui.h</itemPath>
      <itemPath>../src/stdafx.h</itemPath>
      <itemPath>../src/string_func.h</itemPath>
      <itemPath>../src/string_type.h</itemPath>
      <itemPath>../src/strings_func.h</itemPath>
      <itemPath>../src/strings_type.h</itemPath>
      <itemPath>../src/subsidy_base.h</itemPath>
      <itemPath>../src/subsidy_func.h</itemPath>
      <itemPath>../src/subsidy_type.h</itemPath>
      <itemPath>../src/tar_type.h</itemPath>
      <itemPath>../src/terraform_gui.h</itemPath>
      <itemPath>../src/textbuf_gui.h</itemPath>
      <itemPath>../src/tgp.h</itemPath>
      <itemPath>../src/tile_cmd.h</itemPath>
      <itemPath>../src/tile_map.h</itemPath>
      <itemPath>../src/tile_type.h</itemPath>
      <itemPath>../src/tilehighlight_func.h</itemPath>
      <itemPath>../src/tilehighlight_type.h</itemPath>
      <itemPath>../src/timetable.h</itemPath>
      <itemPath>../src/toolbar_gui.h</itemPath>
      <itemPath>../src/town.h</itemPath>
      <itemPath>../src/town_map.h</itemPath>
      <itemPath>../src/town_type.h</itemPath>
      <itemPath>../src/townname_func.h</itemPath>
      <itemPath>../src/townname_type.h</itemPath>
      <itemPath>../src/track_func.h</itemPath>
      <itemPath>../src/track_type.h</itemPath>
      <itemPath>../src/train.h</itemPath>
      <itemPath>../src/transparency.h</itemPath>
      <itemPath>../src/transparency_gui.h</itemPath>
      <itemPath>../src/transport_type.h</itemPath>
      <itemPath>../src/tree_map.h</itemPath>
      <itemPath>../src/tunnel_map.h</itemPath>
      <itemPath>../src/tunnelbridge.h</itemPath>
      <itemPath>../src/tunnelbridge_map.h</itemPath>
      <itemPath>../src/unmovable.h</itemPath>
      <itemPath>../src/unmovable_map.h</itemPath>
      <itemPath>../src/variables.h</itemPath>
      <itemPath>../src/vehicle_base.h</itemPath>
      <itemPath>../src/vehicle_func.h</itemPath>
      <itemPath>../src/vehicle_gui.h</itemPath>
      <itemPath>../src/vehicle_gui_base.h</itemPath>
      <itemPath>../src/vehicle_type.h</itemPath>
      <itemPath>../src/vehiclelist.h</itemPath>
      <itemPath>../src/viewport_func.h</itemPath>
      <itemPath>../src/viewport_type.h</itemPath>
      <itemPath>../src/void_map.h</itemPath>
      <itemPath>../src/water.h</itemPath>
      <itemPath>../src/water_map.h</itemPath>
      <itemPath>../src/waypoint_base.h</itemPath>
      <itemPath>../src/waypoint_func.h</itemPath>
      <itemPath>../src/widget_type.h</itemPath>
      <itemPath>../src/window_func.h</itemPath>
      <itemPath>../src/window_gui.h</itemPath>
      <itemPath>../src/window_type.h</itemPath>
      <itemPath>../src/zoom_func.h</itemPath>
      <itemPath>../src/zoom_type.h</itemPath>
    </logicalFolder>
    <df name="trunk" root="..">
      <df name="bin">
        <df name="ai">
          <df name="regression">
          </df>
        </df>
        <df name="data">
        </df>
        <df name="gm">
        </df>
        <df name="lang">
        </df>
        <df name="scripts">
        </df>
      </df>
      <df name="docs">
      </df>
      <df name="media">
      </df>
      <df name="nb-OpenTTDdump">
      </df>
      <df name="objs">
        <df name="lang">
          <df name="lang">
          </df>
          <df name="table">
          </df>
        </df>
        <df name="release">
          <df name="3rdparty">
            <df name="md5">
            </df>
            <df name="minilzo">
            </df>
            <df name="squirrel">
              <df name="sqstdlib">
              </df>
              <df name="squirrel">
              </df>
            </df>
          </df>
          <df name="ai">
            <df name="api">
            </df>
          </df>
          <df name="blitter">
          </df>
          <df name="core">
          </df>
          <df name="misc">
          </df>
          <df name="music">
          </df>
          <df name="network">
            <df name="core">
            </df>
          </df>
          <df name="os">
            <df name="windows">
            </df>
          </df>
          <df name="saveload">
          </df>
          <df name="script">
          </df>
          <df name="sound">
          </df>
          <df name="spriteloader">
          </df>
          <df name="thread">
          </df>
          <df name="video">
          </df>
          <df name="widgets">
          </df>
          <df name="yapf">
          </df>
        </df>
      </df>
      <df name="os">
        <df name="debian">
          <df name="po">
          </df>
        </df>
        <df name="dos">
          <in>exe2coff.c</in>
        </df>
        <df name="macosx">
        </df>
        <df name="morphos">
          <df name="icons">
          </df>
        </df>
        <df name="os2">
          <in>svnver1.c</in>
          <in>svnver2.c</in>
        </df>
        <df name="rpm">
        </df>
        <df name="windows">
          <df name="installer">
          </df>
        </df>
      </df>
      <df name="projects">
      </df>
      <df name="src">
        <df name="3rdparty">
          <df name="md5">
            <in>md5.cpp</in>
          </df>
          <df name="minilzo">
            <in>minilzo.c</in>
            <in>testmini.c</in>
          </df>
          <df name="squirrel">
            <df name="bin">
            </df>
            <df name="doc">
            </df>
            <df name="etc">
              <in>minimal.c</in>
            </df>
            <df name="include">
            </df>
            <df name="lib">
            </df>
            <df name="samples">
            </df>
            <df name="sq">
              <in>sq.c</in>
            </df>
            <df name="sqstdlib">
              <in>sqstdaux.cpp</in>
              <in>sqstdblob.cpp</in>
              <in>sqstdio.cpp</in>
              <in>sqstdmath.cpp</in>
              <in>sqstdrex.cpp</in>
              <in>sqstdstream.cpp</in>
              <in>sqstdstring.cpp</in>
              <in>sqstdsystem.cpp</in>
            </df>
            <df name="squirrel">
              <in>sqapi.cpp</in>
              <in>sqbaselib.cpp</in>
              <in>sqclass.cpp</in>
              <in>sqcompiler.cpp</in>
              <in>sqdebug.cpp</in>
              <in>sqfuncstate.cpp</in>
              <in>sqlexer.cpp</in>
              <in>sqmem.cpp</in>
              <in>sqobject.cpp</in>
              <in>sqstate.cpp</in>
              <in>sqtable.cpp</in>
              <in>sqvm.cpp</in>
            </df>
          </df>
        </df>
        <df name="ai">
          <df name="api">
            <in>ai_abstractlist.cpp</in>
            <in>ai_abstractlist.hpp</in>
            <in>ai_abstractlist.hpp.sq</in>
            <in>ai_accounting.cpp</in>
            <in>ai_accounting.hpp</in>
            <in>ai_accounting.hpp.sq</in>
            <in>ai_airport.cpp</in>
            <in>ai_airport.hpp</in>
            <in>ai_airport.hpp.sq</in>
            <in>ai_base.cpp</in>
            <in>ai_base.hpp</in>
            <in>ai_base.hpp.sq</in>
            <in>ai_basestation.cpp</in>
            <in>ai_basestation.hpp</in>
            <in>ai_basestation.hpp.sq</in>
            <in>ai_bridge.cpp</in>
            <in>ai_bridge.hpp</in>
            <in>ai_bridge.hpp.sq</in>
            <in>ai_bridgelist.cpp</in>
            <in>ai_bridgelist.hpp</in>
            <in>ai_bridgelist.hpp.sq</in>
            <in>ai_buoylist.cpp</in>
            <in>ai_buoylist.hpp</in>
            <in>ai_buoylist.hpp.sq</in>
            <in>ai_cargo.cpp</in>
            <in>ai_cargo.hpp</in>
            <in>ai_cargo.hpp.sq</in>
            <in>ai_cargolist.cpp</in>
            <in>ai_cargolist.hpp</in>
            <in>ai_cargolist.hpp.sq</in>
            <in>ai_changelog.hpp</in>
            <in>ai_company.cpp</in>
            <in>ai_company.hpp</in>
            <in>ai_company.hpp.sq</in>
            <in>ai_controller.cpp</in>
            <in>ai_controller.hpp</in>
            <in>ai_controller.hpp.sq</in>
            <in>ai_date.cpp</in>
            <in>ai_date.hpp</in>
            <in>ai_date.hpp.sq</in>
            <in>ai_depotlist.cpp</in>
            <in>ai_depotlist.hpp</in>
            <in>ai_depotlist.hpp.sq</in>
            <in>ai_engine.cpp</in>
            <in>ai_engine.hpp</in>
            <in>ai_engine.hpp.sq</in>
            <in>ai_enginelist.cpp</in>
            <in>ai_enginelist.hpp</in>
            <in>ai_enginelist.hpp.sq</in>
            <in>ai_error.cpp</in>
            <in>ai_error.hpp</in>
            <in>ai_error.hpp.sq</in>
            <in>ai_event.cpp</in>
            <in>ai_event.hpp</in>
            <in>ai_event.hpp.sq</in>
            <in>ai_event_types.cpp</in>
            <in>ai_event_types.hpp</in>
            <in>ai_event_types.hpp.sq</in>
            <in>ai_execmode.cpp</in>
            <in>ai_execmode.hpp</in>
            <in>ai_execmode.hpp.sq</in>
            <in>ai_gamesettings.cpp</in>
            <in>ai_gamesettings.hpp</in>
            <in>ai_gamesettings.hpp.sq</in>
            <in>ai_group.cpp</in>
            <in>ai_group.hpp</in>
            <in>ai_group.hpp.sq</in>
            <in>ai_grouplist.cpp</in>
            <in>ai_grouplist.hpp</in>
            <in>ai_grouplist.hpp.sq</in>
            <in>ai_industry.cpp</in>
            <in>ai_industry.hpp</in>
            <in>ai_industry.hpp.sq</in>
            <in>ai_industrylist.cpp</in>
            <in>ai_industrylist.hpp</in>
            <in>ai_industrylist.hpp.sq</in>
            <in>ai_industrytype.cpp</in>
            <in>ai_industrytype.hpp</in>
            <in>ai_industrytype.hpp.sq</in>
            <in>ai_industrytypelist.cpp</in>
            <in>ai_industrytypelist.hpp</in>
            <in>ai_industrytypelist.hpp.sq</in>
            <in>ai_info_docs.hpp</in>
            <in>ai_list.cpp</in>
            <in>ai_list.hpp</in>
            <in>ai_list.hpp.sq</in>
            <in>ai_log.cpp</in>
            <in>ai_log.hpp</in>
            <in>ai_log.hpp.sq</in>
            <in>ai_map.cpp</in>
            <in>ai_map.hpp</in>
            <in>ai_map.hpp.sq</in>
            <in>ai_marine.cpp</in>
            <in>ai_marine.hpp</in>
            <in>ai_marine.hpp.sq</in>
            <in>ai_object.cpp</in>
            <in>ai_object.hpp</in>
            <in>ai_order.cpp</in>
            <in>ai_order.hpp</in>
            <in>ai_order.hpp.sq</in>
            <in>ai_rail.cpp</in>
            <in>ai_rail.hpp</in>
            <in>ai_rail.hpp.sq</in>
            <in>ai_railtypelist.cpp</in>
            <in>ai_railtypelist.hpp</in>
            <in>ai_railtypelist.hpp.sq</in>
            <in>ai_road.cpp</in>
            <in>ai_road.hpp</in>
            <in>ai_road.hpp.sq</in>
            <in>ai_sign.cpp</in>
            <in>ai_sign.hpp</in>
            <in>ai_sign.hpp.sq</in>
            <in>ai_signlist.cpp</in>
            <in>ai_signlist.hpp</in>
            <in>ai_signlist.hpp.sq</in>
            <in>ai_station.cpp</in>
            <in>ai_station.hpp</in>
            <in>ai_station.hpp.sq</in>
            <in>ai_stationlist.cpp</in>
            <in>ai_stationlist.hpp</in>
            <in>ai_stationlist.hpp.sq</in>
            <in>ai_subsidy.cpp</in>
            <in>ai_subsidy.hpp</in>
            <in>ai_subsidy.hpp.sq</in>
            <in>ai_subsidylist.cpp</in>
            <in>ai_subsidylist.hpp</in>
            <in>ai_subsidylist.hpp.sq</in>
            <in>ai_testmode.cpp</in>
            <in>ai_testmode.hpp</in>
            <in>ai_testmode.hpp.sq</in>
            <in>ai_tile.cpp</in>
            <in>ai_tile.hpp</in>
            <in>ai_tile.hpp.sq</in>
            <in>ai_tilelist.cpp</in>
            <in>ai_tilelist.hpp</in>
            <in>ai_tilelist.hpp.sq</in>
            <in>ai_town.cpp</in>
            <in>ai_town.hpp</in>
            <in>ai_town.hpp.sq</in>
            <in>ai_townlist.cpp</in>
            <in>ai_townlist.hpp</in>
            <in>ai_townlist.hpp.sq</in>
            <in>ai_tunnel.cpp</in>
            <in>ai_tunnel.hpp</in>
            <in>ai_tunnel.hpp.sq</in>
            <in>ai_types.hpp</in>
            <in>ai_vehicle.cpp</in>
            <in>ai_vehicle.hpp</in>
            <in>ai_vehicle.hpp.sq</in>
            <in>ai_vehiclelist.cpp</in>
            <in>ai_vehiclelist.hpp</in>
            <in>ai_vehiclelist.hpp.sq</in>
            <in>ai_waypoint.cpp</in>
            <in>ai_waypoint.hpp</in>
            <in>ai_waypoint.hpp.sq</in>
            <in>ai_waypointlist.cpp</in>
            <in>ai_waypointlist.hpp</in>
            <in>ai_waypointlist.hpp.sq</in>
          </df>
          <in>ai.hpp</in>
          <in>ai_config.cpp</in>
          <in>ai_config.hpp</in>
          <in>ai_core.cpp</in>
          <in>ai_gui.cpp</in>
          <in>ai_gui.hpp</in>
          <in>ai_info.cpp</in>
          <in>ai_info.hpp</in>
          <in>ai_info_dummy.cpp</in>
          <in>ai_instance.cpp</in>
          <in>ai_instance.hpp</in>
          <in>ai_scanner.cpp</in>
          <in>ai_scanner.hpp</in>
          <in>ai_storage.hpp</in>
        </df>
        <df name="blitter">
          <in>32bpp_anim.cpp</in>
          <in>32bpp_anim.hpp</in>
          <in>32bpp_base.cpp</in>
          <in>32bpp_base.hpp</in>
          <in>32bpp_optimized.cpp</in>
          <in>32bpp_optimized.hpp</in>
          <in>32bpp_simple.cpp</in>
          <in>32bpp_simple.hpp</in>
          <in>8bpp_base.cpp</in>
          <in>8bpp_base.hpp</in>
          <in>8bpp_debug.cpp</in>
          <in>8bpp_debug.hpp</in>
          <in>8bpp_optimized.cpp</in>
          <in>8bpp_optimized.hpp</in>
          <in>8bpp_simple.cpp</in>
          <in>8bpp_simple.hpp</in>
          <in>base.hpp</in>
          <in>factory.hpp</in>
          <in>null.cpp</in>
          <in>null.hpp</in>
        </df>
        <df name="core">
          <in>alloc_func.cpp</in>
          <in>alloc_func.hpp</in>
          <in>alloc_type.hpp</in>
          <in>bitmath_func.cpp</in>
          <in>bitmath_func.hpp</in>
          <in>endian_func.hpp</in>
          <in>endian_type.hpp</in>
          <in>enum_type.hpp</in>
          <in>geometry_func.cpp</in>
          <in>geometry_func.hpp</in>
          <in>geometry_type.hpp</in>
          <in>math_func.cpp</in>
          <in>math_func.hpp</in>
          <in>mem_func.hpp</in>
          <in>overflowsafe_type.hpp</in>
          <in>pool_func.hpp</in>
          <in>pool_type.hpp</in>
          <in>random_func.cpp</in>
          <in>random_func.hpp</in>
          <in>smallmap_type.hpp</in>
          <in>smallvec_type.hpp</in>
          <in>sort_func.hpp</in>
          <in>string_compare_type.hpp</in>
        </df>
        <df name="depend">
          <in>depend.cpp</in>
        </df>
        <df name="lang">
          <df name="unfinished">
          </df>
        </df>
        <df name="misc">
          <in>array.hpp</in>
          <in>binaryheap.hpp</in>
          <in>blob.hpp</in>
          <in>countedobj.cpp</in>
          <in>countedptr.hpp</in>
          <in>crc32.hpp</in>
          <in>dbg_helpers.cpp</in>
          <in>fixedsizearray.hpp</in>
          <in>hashtable.hpp</in>
          <in>str.hpp</in>
        </df>
        <df name="music">
          <in>allegro_m.cpp</in>
          <in>bemidi.cpp</in>
          <in>cocoa_m.cpp</in>
          <in>dmusic.cpp</in>
          <in>extmidi.cpp</in>
          <in>libtimidity.cpp</in>
          <in>music_driver.hpp</in>
          <in>null_m.cpp</in>
          <in>os2_m.cpp</in>
          <in>qtmidi.cpp</in>
          <in>win32_m.cpp</in>
        </df>
        <df name="network">
          <df name="core">
            <in>address.cpp</in>
            <in>core.cpp</in>
            <in>host.cpp</in>
            <in>packet.cpp</in>
            <in>tcp.cpp</in>
            <in>tcp_connect.cpp</in>
            <in>tcp_content.cpp</in>
            <in>tcp_game.cpp</in>
            <in>udp.cpp</in>
          </df>
          <in>network.cpp</in>
          <in>network_chat_gui.cpp</in>
          <in>network_client.cpp</in>
          <in>network_command.cpp</in>
          <in>network_content.cpp</in>
          <in>network_content_gui.cpp</in>
          <in>network_gamelist.cpp</in>
          <in>network_gui.cpp</in>
          <in>network_server.cpp</in>
          <in>network_udp.cpp</in>
        </df>
        <df name="os">
          <df name="macosx">
            <in>G5_detector.cpp</in>
            <in>crashlog_osx.cpp</in>
            <in>macos.mm</in>
            <in>splash.cpp</in>
          </df>
          <df name="os2">
            <in>os2.cpp</in>
          </df>
          <df name="unix">
            <in>crashlog_unix.cpp</in>
            <in>unix.cpp</in>
          </df>
          <df name="windows">
            <in>crashlog_win.cpp</in>
            <in>win32.cpp</in>
          </df>
        </df>
        <df name="saveload">
          <in>afterload.cpp</in>
          <in>ai_sl.cpp</in>
          <in>animated_tile_sl.cpp</in>
          <in>autoreplace_sl.cpp</in>
          <in>cargopacket_sl.cpp</in>
          <in>cheat_sl.cpp</in>
          <in>company_sl.cpp</in>
          <in>depot_sl.cpp</in>
          <in>economy_sl.cpp</in>
          <in>engine_sl.cpp</in>
          <in>gamelog_sl.cpp</in>
          <in>group_sl.cpp</in>
          <in>industry_sl.cpp</in>
          <in>labelmaps_sl.cpp</in>
          <in>map_sl.cpp</in>
          <in>misc_sl.cpp</in>
          <in>newgrf_sl.cpp</in>
          <in>oldloader.cpp</in>
          <in>oldloader_sl.cpp</in>
          <in>order_sl.cpp</in>
          <in>saveload.cpp</in>
          <in>signs_sl.cpp</in>
          <in>station_sl.cpp</in>
          <in>strings_sl.cpp</in>
          <in>subsidy_sl.cpp</in>
          <in>town_sl.cpp</in>
          <in>vehicle_sl.cpp</in>
          <in>waypoint_sl.cpp</in>
        </df>
        <df name="script">
          <in>fake_squirrel_types.hpp</in>
          <in>script_info.cpp</in>
          <in>script_info.hpp</in>
          <in>script_scanner.cpp</in>
          <in>script_scanner.hpp</in>
          <in>squirrel.cpp</in>
          <in>squirrel.hpp</in>
          <in>squirrel_class.hpp</in>
          <in>squirrel_helper.hpp</in>
          <in>squirrel_helper_type.hpp</in>
          <in>squirrel_std.cpp</in>
          <in>squirrel_std.hpp</in>
        </df>
        <df name="sound">
          <in>allegro_s.cpp</in>
          <in>cocoa_s.cpp</in>
          <in>null_s.cpp</in>
          <in>sdl_s.cpp</in>
          <in>sound_driver.hpp</in>
          <in>win32_s.cpp</in>
        </df>
        <df name="spriteloader">
          <in>grf.cpp</in>
          <in>grf.hpp</in>
          <in>png.cpp</in>
          <in>png.hpp</in>
          <in>spriteloader.hpp</in>
        </df>
        <df name="strgen">
          <in>strgen.cpp</in>
        </df>
        <df name="table">
        </df>
        <df name="thread">
          <in>thread_morphos.cpp</in>
          <in>thread_none.cpp</in>
          <in>thread_os2.cpp</in>
          <in>thread_pthread.cpp</in>
          <in>thread_win32.cpp</in>
        </df>
        <df name="video">
          <df name="cocoa">
            <in>cocoa_v.mm</in>
            <in>event.mm</in>
            <in>fullscreen.mm</in>
            <in>wnd_quartz.mm</in>
            <in>wnd_quickdraw.mm</in>
          </df>
          <in>allegro_v.cpp</in>
          <in>dedicated_v.cpp</in>
          <in>null_v.cpp</in>
          <in>sdl_v.cpp</in>
          <in>video_driver.hpp</in>
          <in>win32_v.cpp</in>
        </df>
        <df name="widgets">
          <in>dropdown.cpp</in>
        </df>
        <df name="yapf">
          <in>follow_track.hpp</in>
          <in>nodelist.hpp</in>
          <in>yapf.hpp</in>
          <in>yapf_base.hpp</in>
          <in>yapf_common.hpp</in>
          <in>yapf_costbase.hpp</in>
          <in>yapf_costcache.hpp</in>
          <in>yapf_costrail.hpp</in>
          <in>yapf_destrail.hpp</in>
          <in>yapf_node.hpp</in>
          <in>yapf_node_rail.hpp</in>
          <in>yapf_node_road.hpp</in>
          <in>yapf_rail.cpp</in>
          <in>yapf_road.cpp</in>
          <in>yapf_ship.cpp</in>
        </df>
        <in>aircraft_cmd.cpp</in>
        <in>aircraft_gui.cpp</in>
        <in>airport.cpp</in>
        <in>airport_gui.cpp</in>
        <in>animated_tile.cpp</in>
        <in>articulated_vehicles.cpp</in>
        <in>autoreplace.cpp</in>
        <in>autoreplace_cmd.cpp</in>
        <in>autoreplace_gui.cpp</in>
        <in>aystar.cpp</in>
        <in>bmp.cpp</in>
        <in>bridge_gui.cpp</in>
        <in>bridge_map.cpp</in>
        <in>build_vehicle_gui.cpp</in>
        <in>callback_table.cpp</in>
        <in>cargopacket.cpp</in>
        <in>cargotype.cpp</in>
        <in>cheat.cpp</in>
        <in>cheat_gui.cpp</in>
        <in>clear_cmd.cpp</in>
        <in>command.cpp</in>
        <in>company_cmd.cpp</in>
        <in>company_gui.cpp</in>
        <in>console.cpp</in>
        <in>console_cmds.cpp</in>
        <in>console_gui.cpp</in>
        <in>crashlog.cpp</in>
        <in>currency.cpp</in>
        <in>date.cpp</in>
        <in>debug.cpp</in>
        <in>dedicated.cpp</in>
        <in>depot.cpp</in>
        <in>depot_gui.cpp</in>
        <in>disaster_cmd.cpp</in>
        <in>dock_gui.cpp</in>
        <in>driver.cpp</in>
        <in>dummy_land.cpp</in>
        <in>economy.cpp</in>
        <in>effectvehicle.cpp</in>
        <in>elrail.cpp</in>
        <in>endian_check.cpp</in>
        <in>engine.cpp</in>
        <in>engine_gui.cpp</in>
        <in>fileio.cpp</in>
        <in>fios.cpp</in>
        <in>fontcache.cpp</in>
        <in>gamelog.cpp</in>
        <in>genworld.cpp</in>
        <in>genworld_gui.cpp</in>
        <in>gfx.cpp</in>
        <in>gfxinit.cpp</in>
        <in>graph_gui.cpp</in>
        <in>group_cmd.cpp</in>
        <in>group_gui.cpp</in>
        <in>heightmap.cpp</in>
        <in>highscore.cpp</in>
        <in>highscore_gui.cpp</in>
        <in>industry_cmd.cpp</in>
        <in>industry_gui.cpp</in>
        <in>ini.cpp</in>
        <in>intro_gui.cpp</in>
        <in>landscape.cpp</in>
        <in>main_gui.cpp</in>
        <in>map.cpp</in>
        <in>misc.cpp</in>
        <in>misc_cmd.cpp</in>
        <in>misc_gui.cpp</in>
        <in>mixer.cpp</in>
        <in>music.cpp</in>
        <in>music_gui.cpp</in>
        <in>newgrf.cpp</in>
        <in>newgrf_canal.cpp</in>
        <in>newgrf_cargo.cpp</in>
        <in>newgrf_commons.cpp</in>
        <in>newgrf_config.cpp</in>
        <in>newgrf_engine.cpp</in>
        <in>newgrf_generic.cpp</in>
        <in>newgrf_gui.cpp</in>
        <in>newgrf_house.cpp</in>
        <in>newgrf_industries.cpp</in>
        <in>newgrf_industrytiles.cpp</in>
        <in>newgrf_sound.cpp</in>
        <in>newgrf_spritegroup.cpp</in>
        <in>newgrf_station.cpp</in>
        <in>newgrf_storage.cpp</in>
        <in>newgrf_text.cpp</in>
        <in>newgrf_town.cpp</in>
        <in>newgrf_townname.cpp</in>
        <in>news_gui.cpp</in>
        <in>npf.cpp</in>
        <in>openttd.cpp</in>
        <in>order_cmd.cpp</in>
        <in>order_gui.cpp</in>
        <in>os_timer.cpp</in>
        <in>osk_gui.cpp</in>
        <in>pathfind.cpp</in>
        <in>pbs.cpp</in>
        <in>queue.cpp</in>
        <in>rail.cpp</in>
        <in>rail_cmd.cpp</in>
        <in>rail_gui.cpp</in>
        <in>rev.cpp</in>
        <in>road.cpp</in>
        <in>road_cmd.cpp</in>
        <in>road_gui.cpp</in>
        <in>road_map.cpp</in>
        <in>roadstop.cpp</in>
        <in>roadveh_cmd.cpp</in>
        <in>roadveh_gui.cpp</in>
        <in>screenshot.cpp</in>
        <in>sdl.cpp</in>
        <in>settings.cpp</in>
        <in>settings_gui.cpp</in>
        <in>ship_cmd.cpp</in>
        <in>ship_gui.cpp</in>
        <in>signal.cpp</in>
        <in>signs.cpp</in>
        <in>signs_cmd.cpp</in>
        <in>signs_gui.cpp</in>
        <in>smallmap_gui.cpp</in>
        <in>sound.cpp</in>
        <in>spritecache.cpp</in>
        <in>station.cpp</in>
        <in>station_cmd.cpp</in>
        <in>station_gui.cpp</in>
        <in>statusbar_gui.cpp</in>
        <in>string.cpp</in>
        <in>strings.cpp</in>
        <in>subsidy.cpp</in>
        <in>subsidy_gui.cpp</in>
        <in>terraform_cmd.cpp</in>
        <in>terraform_gui.cpp</in>
        <in>texteff.cpp</in>
        <in>texteff.hpp</in>
        <in>tgp.cpp</in>
        <in>tile_map.cpp</in>
        <in>timetable_cmd.cpp</in>
        <in>timetable_gui.cpp</in>
        <in>toolbar_gui.cpp</in>
        <in>town_cmd.cpp</in>
        <in>town_gui.cpp</in>
        <in>townname.cpp</in>
        <in>train_cmd.cpp</in>
        <in>train_gui.cpp</in>
        <in>transparency_gui.cpp</in>
        <in>tree_cmd.cpp</in>
        <in>tree_gui.cpp</in>
        <in>tunnel_map.cpp</in>
        <in>tunnelbridge_cmd.cpp</in>
        <in>unmovable_cmd.cpp</in>
        <in>vehicle.cpp</in>
        <in>vehicle_cmd.cpp</in>
        <in>vehicle_gui.cpp</in>
        <in>vehiclelist.cpp</in>
        <in>viewport.cpp</in>
        <in>viewport_gui.cpp</in>
        <in>water_cmd.cpp</in>
        <in>waypoint.cpp</in>
        <in>waypoint_cmd.cpp</in>
        <in>waypoint_gui.cpp</in>
        <in>widget.cpp</in>
        <in>window.cpp</in>
      </df>
    </df>
    <logicalFolder name="ExternalFiles"
                   displayName="Important Files"
                   projectFiles="false">
      <itemPath>../makefile</itemPath>
      <itemPath>nb-OpenTTDdump-Makefile.mk</itemPath>
    </logicalFolder>
  </logicalFolder>
  <sourceRootList>
    <Elem>..</Elem>
  </sourceRootList>
  <projectmakefile>nb-OpenTTDdump-Makefile.mk</projectmakefile>
  <confs>
    <conf name="Default" type="0">
      <toolsSet>
        <developmentServer>localhost</developmentServer>
        <compilerSet>MinGW|MinGW</compilerSet>
        <platform>3</platform>
      </toolsSet>
      <makefileType>
        <makeTool>
          <buildCommandWorkingDir>..</buildCommandWorkingDir>
          <buildCommand>${MAKE} -f makefile</buildCommand>
          <cleanCommand>${MAKE} -f makefile clean</cleanCommand>
          <executablePath></executablePath>
        </makeTool>
      </makefileType>
      <item path="../src/ai/ai_config.cpp" ex="false" tool="1">
        <ccTool>
          <incDir>
            <pElem>../src/ai</pElem>
          </incDir>
        </ccTool>
      </item>
      <item path="../src/ai/ai_core.cpp" ex="false" tool="1">
        <ccTool>
          <incDir>
            <pElem>../src/ai</pElem>
          </incDir>
        </ccTool>
      </item>
      <item path="../src/ai/ai_gui.cpp" ex="false" tool="1">
        <ccTool>
          <incDir>
            <pElem>../objs/lang</pElem>
            <pElem>../src/ai</pElem>
          </incDir>
        </ccTool>
      </item>
      <item path="../src/ai/ai_info.cpp" ex="false" tool="1">
        <ccTool>
          <incDir>
            <pElem>../src/3rdparty/squirrel/include</pElem>
            <pElem>../src/ai</pElem>
          </incDir>
        </ccTool>
      </item>
      <item path="../src/ai/ai_info_dummy.cpp" ex="false" tool="1">
        <ccTool>
          <incDir>
            <pElem>../objs/lang</pElem>
            <pElem>../src/3rdparty/squirrel/include</pElem>
            <pElem>../src/ai</pElem>
          </incDir>
        </ccTool>
      </item>
      <item path="../src/ai/ai_instance.cpp" ex="false" tool="1">
        <ccTool>
          <incDir>
            <pElem>../objs/lang</pElem>
            <pElem>../src/3rdparty/squirrel/include</pElem>
            <pElem>../src/ai</pElem>
          </incDir>
        </ccTool>
      </item>
      <item path="../src/ai/ai_scanner.cpp" ex="false" tool="1">
        <ccTool>
          <incDir>
            <pElem>../src/3rdparty/squirrel/include</pElem>
            <pElem>../src/ai</pElem>
          </incDir>
        </ccTool>
      </item>
      <item path="../src/ai/api/ai_abstractlist.cpp" ex="false" tool="1">
        <ccTool>
          <incDir>
            <pElem>../src/3rdparty/squirrel/include</pElem>
          </incDir>
        </ccTool>
      </item>
      <item path="../src/ai/api/ai_basestation.cpp" ex="false" tool="1">
        <ccTool>
          <incDir>
            <pElem>../objs/lang</pElem>
          </incDir>
        </ccTool>
      </item>
      <item path="../src/ai/api/ai_company.cpp" ex="false" tool="1">
        <ccTool>
          <incDir>
            <pElem>../objs/lang</pElem>
          </incDir>
        </ccTool>
      </item>
      <item path="../src/ai/api/ai_controller.cpp" ex="false" tool="1">
        <ccTool>
          <incDir>
            <pElem>../objs/lang</pElem>
          </incDir>
        </ccTool>
      </item>
      <item path="../src/ai/api/ai_engine.cpp" ex="false" tool="1">
        <ccTool>
          <incDir>
            <pElem>../objs/lang</pElem>
          </incDir>
        </ccTool>
      </item>
      <item path="../src/ai/api/ai_event_types.cpp" ex="false" tool="1">
        <ccTool>
          <incDir>
            <pElem>../objs/lang</pElem>
          </incDir>
        </ccTool>
      </item>
      <item path="../src/ai/api/ai_group.cpp" ex="false" tool="1">
        <ccTool>
          <incDir>
            <pElem>../objs/lang</pElem>
          </incDir>
        </ccTool>
      </item>
      <item path="../src/ai/api/ai_industry.cpp" ex="false" tool="1">
        <ccTool>
          <incDir>
            <pElem>../objs/lang</pElem>
          </incDir>
        </ccTool>
      </item>
      <item path="../src/ai/api/ai_list.cpp" ex="false" tool="1">
        <ccTool>
          <incDir>
            <pElem>../src/3rdparty/squirrel/include</pElem>
          </incDir>
        </ccTool>
      </item>
      <item path="../src/ai/api/ai_object.cpp" ex="false" tool="1">
        <ccTool>
          <incDir>
            <pElem>../objs/lang</pElem>
            <pElem>../src/3rdparty/squirrel/include</pElem>
          </incDir>
        </ccTool>
      </item>
      <item path="../src/ai/api/ai_sign.cpp" ex="false" tool="1">
        <ccTool>
          <incDir>
            <pElem>../objs/lang</pElem>
          </incDir>
        </ccTool>
      </item>
      <item path="../src/ai/api/ai_town.cpp" ex="false" tool="1">
        <ccTool>
          <incDir>
            <pElem>../objs/lang</pElem>
          </incDir>
        </ccTool>
      </item>
      <item path="../src/ai/api/ai_vehicle.cpp" ex="false" tool="1">
        <ccTool>
          <incDir>
            <pElem>../objs/lang</pElem>
          </incDir>
        </ccTool>
      </item>
      <item path="../src/aircraft_cmd.cpp" ex="false" tool="1">
        <ccTool>
          <incDir>
            <pElem>../src</pElem>
            <pElem>../objs/lang</pElem>
          </incDir>
        </ccTool>
      </item>
      <item path="../src/aircraft_gui.cpp" ex="false" tool="1">
        <ccTool>
          <incDir>
            <pElem>../src</pElem>
            <pElem>../objs/lang</pElem>
          </incDir>
        </ccTool>
      </item>
      <item path="../src/airport.cpp" ex="false" tool="1">
        <ccTool>
          <incDir>
            <pElem>../src</pElem>
          </incDir>
        </ccTool>
      </item>
      <item path="../src/airport_gui.cpp" ex="false" tool="1">
        <ccTool>
          <incDir>
            <pElem>../src</pElem>
            <pElem>../objs/lang</pElem>
          </incDir>
        </ccTool>
      </item>
      <item path="../src/animated_tile.cpp" ex="false" tool="1">
        <ccTool>
          <incDir>
            <pElem>../src</pElem>
          </incDir>
        </ccTool>
      </item>
      <item path="../src/articulated_vehicles.cpp" ex="false" tool="1">
        <ccTool>
          <incDir>
            <pElem>../src</pElem>
            <pElem>../objs/lang</pElem>
          </incDir>
        </ccTool>
      </item>
      <item path="../src/autoreplace.cpp" ex="false" tool="1">
        <ccTool>
          <incDir>
            <pElem>../src</pElem>
          </incDir>
        </ccTool>
      </item>
      <item path="../src/autoreplace_cmd.cpp" ex="false" tool="1">
        <ccTool>
          <incDir>
            <pElem>../src</pElem>
            <pElem>../objs/lang</pElem>
          </incDir>
        </ccTool>
      </item>
      <item path="../src/autoreplace_gui.cpp" ex="false" tool="1">
        <ccTool>
          <incDir>
            <pElem>../src</pElem>
            <pElem>../objs/lang</pElem>
          </incDir>
        </ccTool>
      </item>
      <item path="../src/aystar.cpp" ex="false" tool="1">
        <ccTool>
          <incDir>
            <pElem>../src</pElem>
          </incDir>
        </ccTool>
      </item>
      <item path="../src/bmp.cpp" ex="false" tool="1">
        <ccTool>
          <incDir>
            <pElem>../src</pElem>
          </incDir>
        </ccTool>
      </item>
      <item path="../src/bridge_gui.cpp" ex="false" tool="1">
        <ccTool>
          <incDir>
            <pElem>../src</pElem>
            <pElem>../objs/lang</pElem>
          </incDir>
        </ccTool>
      </item>
      <item path="../src/bridge_map.cpp" ex="false" tool="1">
        <ccTool>
          <incDir>
            <pElem>../src</pElem>
          </incDir>
        </ccTool>
      </item>
      <item path="../src/build_vehicle_gui.cpp" ex="false" tool="1">
        <ccTool>
          <incDir>
            <pElem>../src</pElem>
            <pElem>../objs/lang</pElem>
          </incDir>
        </ccTool>
      </item>
      <item path="../src/callback_table.cpp" ex="false" tool="1">
        <ccTool>
          <incDir>
            <pElem>../src</pElem>
          </incDir>
        </ccTool>
      </item>
      <item path="../src/cargopacket.cpp" ex="false" tool="1">
        <ccTool>
          <incDir>
            <pElem>../src</pElem>
          </incDir>
        </ccTool>
      </item>
      <item path="../src/cargotype.cpp" ex="false" tool="1">
        <ccTool>
          <incDir>
            <pElem>../src</pElem>
            <pElem>../objs/lang</pElem>
          </incDir>
        </ccTool>
      </item>
      <item path="../src/cheat.cpp" ex="false" tool="1">
        <ccTool>
          <incDir>
            <pElem>../src</pElem>
          </incDir>
        </ccTool>
      </item>
      <item path="../src/cheat_gui.cpp" ex="false" tool="1">
        <ccTool>
          <incDir>
            <pElem>../src</pElem>
            <pElem>../objs/lang</pElem>
          </incDir>
        </ccTool>
      </item>
      <item path="../src/clear_cmd.cpp" ex="false" tool="1">
        <ccTool>
          <incDir>
            <pElem>../src</pElem>
            <pElem>../objs/lang</pElem>
          </incDir>
        </ccTool>
      </item>
      <item path="../src/command.cpp" ex="false" tool="1">
        <ccTool>
          <incDir>
            <pElem>../src</pElem>
            <pElem>../objs/lang</pElem>
          </incDir>
        </ccTool>
      </item>
      <item path="../src/company_cmd.cpp" ex="false" tool="1">
        <ccTool>
          <incDir>
            <pElem>../src</pElem>
            <pElem>../objs/lang</pElem>
          </incDir>
        </ccTool>
      </item>
      <item path="../src/company_gui.cpp" ex="false" tool="1">
        <ccTool>
          <incDir>
            <pElem>../src</pElem>
            <pElem>../objs/lang</pElem>
          </incDir>
        </ccTool>
      </item>
      <item path="../src/console.cpp" ex="false" tool="1">
        <ccTool>
          <incDir>
            <pElem>../src</pElem>
          </incDir>
        </ccTool>
      </item>
      <item path="../src/console_cmds.cpp" ex="false" tool="1">
        <ccTool>
          <incDir>
            <pElem>../src</pElem>
          </incDir>
        </ccTool>
      </item>
      <item path="../src/console_gui.cpp" ex="false" tool="1">
        <ccTool>
          <incDir>
            <pElem>../src</pElem>
          </incDir>
        </ccTool>
      </item>
      <item path="../src/crashlog.cpp" ex="false" tool="1">
        <ccTool>
          <incDir>
            <pElem>../src</pElem>
            <pElem>../src/3rdparty/squirrel/include</pElem>
          </incDir>
        </ccTool>
      </item>
      <item path="../src/currency.cpp" ex="false" tool="1">
        <ccTool>
          <incDir>
            <pElem>../src</pElem>
            <pElem>../objs/lang</pElem>
          </incDir>
        </ccTool>
      </item>
      <item path="../src/date.cpp" ex="false" tool="1">
        <ccTool>
          <incDir>
            <pElem>../src</pElem>
          </incDir>
        </ccTool>
      </item>
      <item path="../src/debug.cpp" ex="false" tool="1">
        <ccTool>
          <incDir>
            <pElem>../src</pElem>
          </incDir>
        </ccTool>
      </item>
      <item path="../src/dedicated.cpp" ex="false" tool="1">
        <ccTool>
          <incDir>
            <pElem>../src</pElem>
          </incDir>
        </ccTool>
      </item>
      <item path="../src/depot.cpp" ex="false" tool="1">
        <ccTool>
          <incDir>
            <pElem>../src</pElem>
          </incDir>
        </ccTool>
      </item>
      <item path="../src/depot_gui.cpp" ex="false" tool="1">
        <ccTool>
          <incDir>
            <pElem>../src</pElem>
            <pElem>../objs/lang</pElem>
          </incDir>
        </ccTool>
      </item>
      <item path="../src/disaster_cmd.cpp" ex="false" tool="1">
        <ccTool>
          <incDir>
            <pElem>../src</pElem>
            <pElem>../objs/lang</pElem>
          </incDir>
        </ccTool>
      </item>
      <item path="../src/dock_gui.cpp" ex="false" tool="1">
        <ccTool>
          <incDir>
            <pElem>../src</pElem>
            <pElem>../objs/lang</pElem>
          </incDir>
        </ccTool>
      </item>
      <item path="../src/driver.cpp" ex="false" tool="1">
        <ccTool>
          <incDir>
            <pElem>../src</pElem>
          </incDir>
        </ccTool>
      </item>
      <item path="../src/dummy_land.cpp" ex="false" tool="1">
        <ccTool>
          <incDir>
            <pElem>../src</pElem>
            <pElem>../objs/lang</pElem>
          </incDir>
        </ccTool>
      </item>
      <item path="../src/economy.cpp" ex="false" tool="1">
        <ccTool>
          <incDir>
            <pElem>../src</pElem>
            <pElem>../objs/lang</pElem>
          </incDir>
        </ccTool>
      </item>
      <item path="../src/effectvehicle.cpp" ex="false" tool="1">
        <ccTool>
          <incDir>
            <pElem>../src</pElem>
          </incDir>
        </ccTool>
      </item>
      <item path="../src/elrail.cpp" ex="false" tool="1">
        <ccTool>
          <incDir>
            <pElem>../src</pElem>
          </incDir>
        </ccTool>
      </item>
      <item path="../src/endian_check.cpp" ex="false" tool="1">
        <ccTool>
          <incDir>
            <pElem>../src</pElem>
          </incDir>
        </ccTool>
      </item>
      <item path="../src/engine.cpp" ex="false" tool="1">
        <ccTool>
          <incDir>
            <pElem>../src</pElem>
            <pElem>../objs/lang</pElem>
          </incDir>
        </ccTool>
      </item>
      <item path="../src/engine_gui.cpp" ex="false" tool="1">
        <ccTool>
          <incDir>
            <pElem>../src</pElem>
            <pElem>../objs/lang</pElem>
          </incDir>
        </ccTool>
      </item>
      <item path="../src/fileio.cpp" ex="false" tool="1">
        <ccTool>
          <incDir>
            <pElem>../src</pElem>
          </incDir>
        </ccTool>
      </item>
      <item path="../src/fios.cpp" ex="false" tool="1">
        <ccTool>
          <incDir>
            <pElem>../src</pElem>
            <pElem>../objs/lang</pElem>
          </incDir>
        </ccTool>
      </item>
      <item path="../src/fontcache.cpp" ex="false" tool="1">
        <ccTool>
          <incDir>
            <pElem>../src</pElem>
          </incDir>
        </ccTool>
      </item>
      <item path="../src/gamelog.cpp" ex="false" tool="1">
        <ccTool>
          <incDir>
            <pElem>../src</pElem>
          </incDir>
        </ccTool>
      </item>
      <item path="../src/genworld.cpp" ex="false" tool="1">
        <ccTool>
          <incDir>
            <pElem>../src</pElem>
          </incDir>
        </ccTool>
      </item>
      <item path="../src/genworld_gui.cpp" ex="false" tool="1">
        <ccTool>
          <incDir>
            <pElem>../src</pElem>
            <pElem>../objs/lang</pElem>
          </incDir>
        </ccTool>
      </item>
      <item path="../src/gfx.cpp" ex="false" tool="1">
        <ccTool>
          <incDir>
            <pElem>../src</pElem>
          </incDir>
        </ccTool>
      </item>
      <item path="../src/gfxinit.cpp" ex="false" tool="1">
        <ccTool>
          <incDir>
            <pElem>../src</pElem>
          </incDir>
        </ccTool>
      </item>
      <item path="../src/graph_gui.cpp" ex="false" tool="1">
        <ccTool>
          <incDir>
            <pElem>../src</pElem>
            <pElem>../objs/lang</pElem>
          </incDir>
        </ccTool>
      </item>
      <item path="../src/group_cmd.cpp" ex="false" tool="1">
        <ccTool>
          <incDir>
            <pElem>../src</pElem>
            <pElem>../objs/lang</pElem>
          </incDir>
        </ccTool>
      </item>
      <item path="../src/group_gui.cpp" ex="false" tool="1">
        <ccTool>
          <incDir>
            <pElem>../src</pElem>
            <pElem>../objs/lang</pElem>
          </incDir>
        </ccTool>
      </item>
      <item path="../src/heightmap.cpp" ex="false" tool="1">
        <ccTool>
          <incDir>
            <pElem>../src</pElem>
            <pElem>../objs/lang</pElem>
          </incDir>
        </ccTool>
      </item>
      <item path="../src/highscore.cpp" ex="false" tool="1">
        <ccTool>
          <incDir>
            <pElem>../src</pElem>
            <pElem>../objs/lang</pElem>
          </incDir>
        </ccTool>
      </item>
      <item path="../src/highscore_gui.cpp" ex="false" tool="1">
        <ccTool>
          <incDir>
            <pElem>../src</pElem>
            <pElem>../objs/lang</pElem>
          </incDir>
        </ccTool>
      </item>
      <item path="../src/industry_cmd.cpp" ex="false" tool="1">
        <ccTool>
          <incDir>
            <pElem>../src</pElem>
            <pElem>../objs/lang</pElem>
          </incDir>
        </ccTool>
      </item>
      <item path="../src/industry_gui.cpp" ex="false" tool="1">
        <ccTool>
          <incDir>
            <pElem>../src</pElem>
            <pElem>../objs/lang</pElem>
          </incDir>
        </ccTool>
      </item>
      <item path="../src/ini.cpp" ex="false" tool="1">
        <ccTool>
          <incDir>
            <pElem>../src</pElem>
          </incDir>
        </ccTool>
      </item>
      <item path="../src/intro_gui.cpp" ex="false" tool="1">
        <ccTool>
          <incDir>
            <pElem>../src</pElem>
            <pElem>../objs/lang</pElem>
          </incDir>
        </ccTool>
      </item>
      <item path="../src/landscape.cpp" ex="false" tool="1">
        <ccTool>
          <incDir>
            <pElem>../src</pElem>
          </incDir>
        </ccTool>
      </item>
      <item path="../src/main_gui.cpp" ex="false" tool="1">
        <ccTool>
          <incDir>
            <pElem>../src</pElem>
            <pElem>../objs/lang</pElem>
          </incDir>
        </ccTool>
      </item>
      <item path="../src/map.cpp" ex="false" tool="1">
        <ccTool>
          <incDir>
            <pElem>../src</pElem>
          </incDir>
        </ccTool>
      </item>
      <item path="../src/misc.cpp" ex="false" tool="1">
        <ccTool>
          <incDir>
            <pElem>../src</pElem>
          </incDir>
        </ccTool>
      </item>
      <item path="../src/misc_cmd.cpp" ex="false" tool="1">
        <ccTool>
          <incDir>
            <pElem>../src</pElem>
            <pElem>../objs/lang</pElem>
          </incDir>
        </ccTool>
      </item>
      <item path="../src/misc_gui.cpp" ex="false" tool="1">
        <ccTool>
          <incDir>
            <pElem>../src</pElem>
            <pElem>../objs/lang</pElem>
          </incDir>
        </ccTool>
      </item>
      <item path="../src/mixer.cpp" ex="false" tool="1">
        <ccTool>
          <incDir>
            <pElem>../src</pElem>
          </incDir>
        </ccTool>
      </item>
      <item path="../src/music.cpp" ex="false" tool="1">
        <ccTool>
          <incDir>
            <pElem>../src</pElem>
          </incDir>
        </ccTool>
      </item>
      <item path="../src/music_gui.cpp" ex="false" tool="1">
        <ccTool>
          <incDir>
            <pElem>../src</pElem>
            <pElem>../objs/lang</pElem>
          </incDir>
        </ccTool>
      </item>
      <item path="../src/network/network.cpp" ex="false" tool="1">
        <ccTool>
          <incDir>
            <pElem>../src/network</pElem>
          </incDir>
        </ccTool>
      </item>
      <item path="../src/network/network_chat_gui.cpp" ex="false" tool="1">
        <ccTool>
          <incDir>
            <pElem>../src/network</pElem>
          </incDir>
        </ccTool>
      </item>
      <item path="../src/network/network_client.cpp" ex="false" tool="1">
        <ccTool>
          <incDir>
            <pElem>../src/network</pElem>
          </incDir>
        </ccTool>
      </item>
      <item path="../src/network/network_command.cpp" ex="false" tool="1">
        <ccTool>
          <incDir>
            <pElem>../src/network</pElem>
          </incDir>
        </ccTool>
      </item>
      <item path="../src/network/network_content.cpp" ex="false" tool="1">
        <ccTool>
          <incDir>
            <pElem>../src/network</pElem>
          </incDir>
        </ccTool>
      </item>
      <item path="../src/network/network_content_gui.cpp" ex="false" tool="1">
        <ccTool>
          <incDir>
            <pElem>../src/network</pElem>
          </incDir>
        </ccTool>
      </item>
      <item path="../src/network/network_gamelist.cpp" ex="false" tool="1">
        <ccTool>
          <incDir>
            <pElem>../src/network</pElem>
          </incDir>
        </ccTool>
      </item>
      <item path="../src/network/network_gui.cpp" ex="false" tool="1">
        <ccTool>
          <incDir>
            <pElem>../src/network</pElem>
          </incDir>
        </ccTool>
      </item>
      <item path="../src/network/network_server.cpp" ex="false" tool="1">
        <ccTool>
          <incDir>
            <pElem>../src/network</pElem>
          </incDir>
        </ccTool>
      </item>
      <item path="../src/network/network_udp.cpp" ex="false" tool="1">
        <ccTool>
          <incDir>
            <pElem>../src/network</pElem>
          </incDir>
        </ccTool>
      </item>
      <item path="../src/newgrf.cpp" ex="false" tool="1">
        <ccTool>
          <incDir>
            <pElem>../src</pElem>
            <pElem>../objs/lang</pElem>
          </incDir>
        </ccTool>
      </item>
      <item path="../src/newgrf_canal.cpp" ex="false" tool="1">
        <ccTool>
          <incDir>
            <pElem>../src</pElem>
          </incDir>
        </ccTool>
      </item>
      <item path="../src/newgrf_cargo.cpp" ex="false" tool="1">
        <ccTool>
          <incDir>
            <pElem>../src</pElem>
          </incDir>
        </ccTool>
      </item>
      <item path="../src/newgrf_commons.cpp" ex="false" tool="1">
        <ccTool>
          <incDir>
            <pElem>../src</pElem>
          </incDir>
        </ccTool>
      </item>
      <item path="../src/newgrf_config.cpp" ex="false" tool="1">
        <ccTool>
          <incDir>
            <pElem>../src</pElem>
          </incDir>
        </ccTool>
      </item>
      <item path="../src/newgrf_engine.cpp" ex="false" tool="1">
        <ccTool>
          <incDir>
            <pElem>../src</pElem>
          </incDir>
        </ccTool>
      </item>
      <item path="../src/newgrf_generic.cpp" ex="false" tool="1">
        <ccTool>
          <incDir>
            <pElem>../src</pElem>
          </incDir>
        </ccTool>
      </item>
      <item path="../src/newgrf_gui.cpp" ex="false" tool="1">
        <ccTool>
          <incDir>
            <pElem>../src</pElem>
            <pElem>../objs/lang</pElem>
          </incDir>
        </ccTool>
      </item>
      <item path="../src/newgrf_house.cpp" ex="false" tool="1">
        <ccTool>
          <incDir>
            <pElem>../src</pElem>
          </incDir>
        </ccTool>
      </item>
      <item path="../src/newgrf_industries.cpp" ex="false" tool="1">
        <ccTool>
          <incDir>
            <pElem>../src</pElem>
            <pElem>../objs/lang</pElem>
          </incDir>
        </ccTool>
      </item>
      <item path="../src/newgrf_industrytiles.cpp" ex="false" tool="1">
        <ccTool>
          <incDir>
            <pElem>../src</pElem>
            <pElem>../objs/lang</pElem>
          </incDir>
        </ccTool>
      </item>
      <item path="../src/newgrf_sound.cpp" ex="false" tool="1">
        <ccTool>
          <incDir>
            <pElem>../src</pElem>
          </incDir>
        </ccTool>
      </item>
      <item path="../src/newgrf_spritegroup.cpp" ex="false" tool="1">
        <ccTool>
          <incDir>
            <pElem>../src</pElem>
          </incDir>
        </ccTool>
      </item>
      <item path="../src/newgrf_station.cpp" ex="false" tool="1">
        <ccTool>
          <incDir>
            <pElem>../src</pElem>
            <pElem>../objs/lang</pElem>
          </incDir>
        </ccTool>
      </item>
      <item path="../src/newgrf_storage.cpp" ex="false" tool="1">
        <ccTool>
          <incDir>
            <pElem>../src</pElem>
          </incDir>
        </ccTool>
      </item>
      <item path="../src/newgrf_text.cpp" ex="false" tool="1">
        <ccTool>
          <incDir>
            <pElem>../src</pElem>
            <pElem>../objs/lang</pElem>
          </incDir>
        </ccTool>
      </item>
      <item path="../src/newgrf_town.cpp" ex="false" tool="1">
        <ccTool>
          <incDir>
            <pElem>../src</pElem>
          </incDir>
        </ccTool>
      </item>
      <item path="../src/newgrf_townname.cpp" ex="false" tool="1">
        <ccTool>
          <incDir>
            <pElem>../src</pElem>
          </incDir>
        </ccTool>
      </item>
      <item path="../src/news_gui.cpp" ex="false" tool="1">
        <ccTool>
          <incDir>
            <pElem>../src</pElem>
            <pElem>../objs/lang</pElem>
          </incDir>
        </ccTool>
      </item>
      <item path="../src/npf.cpp" ex="false" tool="1">
        <ccTool>
          <incDir>
            <pElem>../src</pElem>
          </incDir>
        </ccTool>
      </item>
      <item path="../src/openttd.cpp" ex="false" tool="1">
        <ccTool>
          <incDir>
            <pElem>../src</pElem>
            <pElem>../objs/lang</pElem>
          </incDir>
        </ccTool>
      </item>
      <item path="../src/order_cmd.cpp" ex="false" tool="1">
        <ccTool>
          <incDir>
            <pElem>../src</pElem>
            <pElem>../objs/lang</pElem>
          </incDir>
        </ccTool>
      </item>
      <item path="../src/order_gui.cpp" ex="false" tool="1">
        <ccTool>
          <incDir>
            <pElem>../src</pElem>
            <pElem>../objs/lang</pElem>
          </incDir>
        </ccTool>
      </item>
      <item path="../src/os_timer.cpp" ex="false" tool="1">
        <ccTool>
          <incDir>
            <pElem>../src</pElem>
          </incDir>
        </ccTool>
      </item>
      <item path="../src/osk_gui.cpp" ex="false" tool="1">
        <ccTool>
          <incDir>
            <pElem>../src</pElem>
            <pElem>../objs/lang</pElem>
          </incDir>
        </ccTool>
      </item>
      <item path="../src/pathfind.cpp" ex="false" tool="1">
        <ccTool>
          <incDir>
            <pElem>../src</pElem>
          </incDir>
        </ccTool>
      </item>
      <item path="../src/pbs.cpp" ex="false" tool="1">
        <ccTool>
          <incDir>
            <pElem>../src</pElem>
          </incDir>
        </ccTool>
      </item>
      <item path="../src/queue.cpp" ex="false" tool="1">
        <ccTool>
          <incDir>
            <pElem>../src</pElem>
          </incDir>
        </ccTool>
      </item>
      <item path="../src/rail.cpp" ex="false" tool="1">
        <ccTool>
          <incDir>
            <pElem>../src</pElem>
          </incDir>
        </ccTool>
      </item>
      <item path="../src/rail_cmd.cpp" ex="false" tool="1">
        <ccTool>
          <incDir>
            <pElem>../src</pElem>
            <pElem>../objs/lang</pElem>
          </incDir>
        </ccTool>
      </item>
      <item path="../src/rail_gui.cpp" ex="false" tool="1">
        <ccTool>
          <incDir>
            <pElem>../src</pElem>
            <pElem>../objs/lang</pElem>
          </incDir>
        </ccTool>
      </item>
      <item path="../src/rev.cpp" ex="false" tool="1">
        <ccTool>
          <incDir>
            <pElem>../src</pElem>
          </incDir>
        </ccTool>
      </item>
      <item path="../src/road.cpp" ex="false" tool="1">
        <ccTool>
          <incDir>
            <pElem>../src</pElem>
          </incDir>
        </ccTool>
      </item>
      <item path="../src/road_cmd.cpp" ex="false" tool="1">
        <ccTool>
          <incDir>
            <pElem>../src</pElem>
            <pElem>../objs/lang</pElem>
          </incDir>
        </ccTool>
      </item>
      <item path="../src/road_gui.cpp" ex="false" tool="1">
        <ccTool>
          <incDir>
            <pElem>../src</pElem>
            <pElem>../objs/lang</pElem>
          </incDir>
        </ccTool>
      </item>
      <item path="../src/road_map.cpp" ex="false" tool="1">
        <ccTool>
          <incDir>
            <pElem>../src</pElem>
          </incDir>
        </ccTool>
      </item>
      <item path="../src/roadstop.cpp" ex="false" tool="1">
        <ccTool>
          <incDir>
            <pElem>../src</pElem>
          </incDir>
        </ccTool>
      </item>
      <item path="../src/roadveh_cmd.cpp" ex="false" tool="1">
        <ccTool>
          <incDir>
            <pElem>../src</pElem>
            <pElem>../objs/lang</pElem>
          </incDir>
        </ccTool>
      </item>
      <item path="../src/roadveh_gui.cpp" ex="false" tool="1">
        <ccTool>
          <incDir>
            <pElem>../src</pElem>
            <pElem>../objs/lang</pElem>
          </incDir>
        </ccTool>
      </item>
      <item path="../src/saveload/afterload.cpp" ex="false" tool="1">
        <ccTool>
          <incDir>
            <pElem>../objs/lang</pElem>
          </incDir>
        </ccTool>
      </item>
      <item path="../src/saveload/oldloader.cpp" ex="false" tool="1">
        <ccTool>
          <incDir>
            <pElem>../objs/lang</pElem>
          </incDir>
        </ccTool>
      </item>
      <item path="../src/saveload/oldloader_sl.cpp" ex="false" tool="1">
        <ccTool>
          <incDir>
            <pElem>../objs/lang</pElem>
          </incDir>
        </ccTool>
      </item>
      <item path="../src/saveload/saveload.cpp" ex="false" tool="1">
        <ccTool>
          <incDir>
            <pElem>../objs/lang</pElem>
          </incDir>
        </ccTool>
      </item>
      <item path="../src/saveload/station_sl.cpp" ex="false" tool="1">
        <ccTool>
          <incDir>
            <pElem>../objs/lang</pElem>
          </incDir>
        </ccTool>
      </item>
      <item path="../src/saveload/strings_sl.cpp" ex="false" tool="1">
        <ccTool>
          <incDir>
            <pElem>../objs/lang</pElem>
          </incDir>
        </ccTool>
      </item>
      <item path="../src/saveload/waypoint_sl.cpp" ex="false" tool="1">
        <ccTool>
          <incDir>
            <pElem>../objs/lang</pElem>
          </incDir>
        </ccTool>
      </item>
      <item path="../src/screenshot.cpp" ex="false" tool="1">
        <ccTool>
          <incDir>
            <pElem>../src</pElem>
          </incDir>
        </ccTool>
      </item>
      <item path="../src/sdl.cpp" ex="false" tool="1">
        <ccTool>
          <incDir>
            <pElem>../src</pElem>
          </incDir>
        </ccTool>
      </item>
      <item path="../src/settings.cpp" ex="false" tool="1">
        <ccTool>
          <incDir>
            <pElem>../src</pElem>
            <pElem>../objs/lang</pElem>
          </incDir>
        </ccTool>
      </item>
      <item path="../src/settings_gui.cpp" ex="false" tool="1">
        <ccTool>
          <incDir>
            <pElem>../src</pElem>
            <pElem>../objs/lang</pElem>
          </incDir>
        </ccTool>
      </item>
      <item path="../src/ship_cmd.cpp" ex="false" tool="1">
        <ccTool>
          <incDir>
            <pElem>../src</pElem>
            <pElem>../objs/lang</pElem>
          </incDir>
        </ccTool>
      </item>
      <item path="../src/ship_gui.cpp" ex="false" tool="1">
        <ccTool>
          <incDir>
            <pElem>../src</pElem>
            <pElem>../objs/lang</pElem>
          </incDir>
        </ccTool>
      </item>
      <item path="../src/signal.cpp" ex="false" tool="1">
        <ccTool>
          <incDir>
            <pElem>../src</pElem>
          </incDir>
        </ccTool>
      </item>
      <item path="../src/signs.cpp" ex="false" tool="1">
        <ccTool>
          <incDir>
            <pElem>../src</pElem>
            <pElem>../objs/lang</pElem>
          </incDir>
        </ccTool>
      </item>
      <item path="../src/signs_cmd.cpp" ex="false" tool="1">
        <ccTool>
          <incDir>
            <pElem>../src</pElem>
            <pElem>../objs/lang</pElem>
          </incDir>
        </ccTool>
      </item>
      <item path="../src/signs_gui.cpp" ex="false" tool="1">
        <ccTool>
          <incDir>
            <pElem>../src</pElem>
            <pElem>../objs/lang</pElem>
          </incDir>
        </ccTool>
      </item>
      <item path="../src/smallmap_gui.cpp" ex="false" tool="1">
        <ccTool>
          <incDir>
            <pElem>../src</pElem>
            <pElem>../objs/lang</pElem>
          </incDir>
        </ccTool>
      </item>
      <item path="../src/sound.cpp" ex="false" tool="1">
        <ccTool>
          <incDir>
            <pElem>../src</pElem>
          </incDir>
        </ccTool>
      </item>
      <item path="../src/spritecache.cpp" ex="false" tool="1">
        <ccTool>
          <incDir>
            <pElem>../src</pElem>
          </incDir>
        </ccTool>
      </item>
      <item path="../src/spriteloader/grf.cpp" ex="false" tool="1">
        <ccTool>
          <incDir>
            <pElem>../objs/lang</pElem>
          </incDir>
        </ccTool>
      </item>
      <item path="../src/station.cpp" ex="false" tool="1">
        <ccTool>
          <incDir>
            <pElem>../src</pElem>
            <pElem>../objs/lang</pElem>
          </incDir>
        </ccTool>
      </item>
      <item path="../src/station_cmd.cpp" ex="false" tool="1">
        <ccTool>
          <incDir>
            <pElem>../src</pElem>
            <pElem>../objs/lang</pElem>
          </incDir>
        </ccTool>
      </item>
      <item path="../src/station_gui.cpp" ex="false" tool="1">
        <ccTool>
          <incDir>
            <pElem>../src</pElem>
            <pElem>../objs/lang</pElem>
          </incDir>
        </ccTool>
      </item>
      <item path="../src/statusbar_gui.cpp" ex="false" tool="1">
        <ccTool>
          <incDir>
            <pElem>../src</pElem>
            <pElem>../objs/lang</pElem>
          </incDir>
        </ccTool>
      </item>
      <item path="../src/string.cpp" ex="false" tool="1">
        <ccTool>
          <incDir>
            <pElem>../src</pElem>
          </incDir>
        </ccTool>
      </item>
      <item path="../src/strings.cpp" ex="false" tool="1">
        <ccTool>
          <incDir>
            <pElem>../src</pElem>
            <pElem>../objs/lang</pElem>
          </incDir>
        </ccTool>
      </item>
      <item path="../src/subsidy.cpp" ex="false" tool="1">
        <ccTool>
          <incDir>
            <pElem>../src</pElem>
            <pElem>../objs/lang</pElem>
          </incDir>
        </ccTool>
      </item>
      <item path="../src/subsidy_gui.cpp" ex="false" tool="1">
        <ccTool>
          <incDir>
            <pElem>../src</pElem>
            <pElem>../objs/lang</pElem>
          </incDir>
        </ccTool>
      </item>
      <item path="../src/terraform_cmd.cpp" ex="false" tool="1">
        <ccTool>
          <incDir>
            <pElem>../src</pElem>
            <pElem>../objs/lang</pElem>
          </incDir>
        </ccTool>
      </item>
      <item path="../src/terraform_gui.cpp" ex="false" tool="1">
        <ccTool>
          <incDir>
            <pElem>../src</pElem>
            <pElem>../objs/lang</pElem>
          </incDir>
        </ccTool>
      </item>
      <item path="../src/texteff.cpp" ex="false" tool="1">
        <ccTool>
          <incDir>
            <pElem>../src</pElem>
          </incDir>
        </ccTool>
      </item>
      <item path="../src/tgp.cpp" ex="false" tool="1">
        <ccTool>
          <incDir>
            <pElem>../src</pElem>
          </incDir>
        </ccTool>
      </item>
      <item path="../src/tile_map.cpp" ex="false" tool="1">
        <ccTool>
          <incDir>
            <pElem>../src</pElem>
          </incDir>
        </ccTool>
      </item>
      <item path="../src/timetable_cmd.cpp" ex="false" tool="1">
        <ccTool>
          <incDir>
            <pElem>../src</pElem>
            <pElem>../objs/lang</pElem>
          </incDir>
        </ccTool>
      </item>
      <item path="../src/timetable_gui.cpp" ex="false" tool="1">
        <ccTool>
          <incDir>
            <pElem>../src</pElem>
            <pElem>../objs/lang</pElem>
          </incDir>
        </ccTool>
      </item>
      <item path="../src/toolbar_gui.cpp" ex="false" tool="1">
        <ccTool>
          <incDir>
            <pElem>../src</pElem>
            <pElem>../objs/lang</pElem>
          </incDir>
        </ccTool>
      </item>
      <item path="../src/town_cmd.cpp" ex="false" tool="1">
        <ccTool>
          <incDir>
            <pElem>../src</pElem>
            <pElem>../objs/lang</pElem>
          </incDir>
        </ccTool>
      </item>
      <item path="../src/town_gui.cpp" ex="false" tool="1">
        <ccTool>
          <incDir>
            <pElem>../src</pElem>
            <pElem>../objs/lang</pElem>
          </incDir>
        </ccTool>
      </item>
      <item path="../src/townname.cpp" ex="false" tool="1">
        <ccTool>
          <incDir>
            <pElem>../src</pElem>
          </incDir>
        </ccTool>
      </item>
      <item path="../src/train_cmd.cpp" ex="false" tool="1">
        <ccTool>
          <incDir>
            <pElem>../src</pElem>
            <pElem>../objs/lang</pElem>
          </incDir>
        </ccTool>
      </item>
      <item path="../src/train_gui.cpp" ex="false" tool="1">
        <ccTool>
          <incDir>
            <pElem>../src</pElem>
            <pElem>../objs/lang</pElem>
          </incDir>
        </ccTool>
      </item>
      <item path="../src/transparency_gui.cpp" ex="false" tool="1">
        <ccTool>
          <incDir>
            <pElem>../src</pElem>
            <pElem>../objs/lang</pElem>
          </incDir>
        </ccTool>
      </item>
      <item path="../src/tree_cmd.cpp" ex="false" tool="1">
        <ccTool>
          <incDir>
            <pElem>../src</pElem>
            <pElem>../objs/lang</pElem>
          </incDir>
        </ccTool>
      </item>
      <item path="../src/tree_gui.cpp" ex="false" tool="1">
        <ccTool>
          <incDir>
            <pElem>../src</pElem>
            <pElem>../objs/lang</pElem>
          </incDir>
        </ccTool>
      </item>
      <item path="../src/tunnel_map.cpp" ex="false" tool="1">
        <ccTool>
          <incDir>
            <pElem>../src</pElem>
          </incDir>
        </ccTool>
      </item>
      <item path="../src/tunnelbridge_cmd.cpp" ex="false" tool="1">
        <ccTool>
          <incDir>
            <pElem>../src</pElem>
            <pElem>../objs/lang</pElem>
          </incDir>
        </ccTool>
      </item>
      <item path="../src/unmovable_cmd.cpp" ex="false" tool="1">
        <ccTool>
          <incDir>
            <pElem>../src</pElem>
            <pElem>../objs/lang</pElem>
          </incDir>
        </ccTool>
      </item>
      <item path="../src/vehicle.cpp" ex="false" tool="1">
        <ccTool>
          <incDir>
            <pElem>../src</pElem>
            <pElem>../objs/lang</pElem>
          </incDir>
        </ccTool>
      </item>
      <item path="../src/vehicle_cmd.cpp" ex="false" tool="1">
        <ccTool>
          <incDir>
            <pElem>../src</pElem>
            <pElem>../objs/lang</pElem>
          </incDir>
        </ccTool>
      </item>
      <item path="../src/vehicle_gui.cpp" ex="false" tool="1">
        <ccTool>
          <incDir>
            <pElem>../src</pElem>
            <pElem>../objs/lang</pElem>
          </incDir>
        </ccTool>
      </item>
      <item path="../src/vehiclelist.cpp" ex="false" tool="1">
        <ccTool>
          <incDir>
            <pElem>../src</pElem>
          </incDir>
        </ccTool>
      </item>
      <item path="../src/video/allegro_v.cpp" ex="false" tool="1">
        <ccTool>
          <incDir>
            <pElem>../src/video</pElem>
          </incDir>
        </ccTool>
      </item>
      <item path="../src/video/dedicated_v.cpp" ex="false" tool="1">
        <ccTool>
          <incDir>
            <pElem>../src/video</pElem>
          </incDir>
        </ccTool>
      </item>
      <item path="../src/video/null_v.cpp" ex="false" tool="1">
        <ccTool>
          <incDir>
            <pElem>../src/video</pElem>
          </incDir>
        </ccTool>
      </item>
      <item path="../src/video/sdl_v.cpp" ex="false" tool="1">
        <ccTool>
          <incDir>
            <pElem>../src/video</pElem>
          </incDir>
        </ccTool>
      </item>
      <item path="../src/video/win32_v.cpp" ex="false" tool="1">
        <ccTool>
          <incDir>
            <pElem>../src/video</pElem>
          </incDir>
        </ccTool>
      </item>
      <item path="../src/viewport.cpp" ex="false" tool="1">
        <ccTool>
          <incDir>
            <pElem>../src</pElem>
            <pElem>../objs/lang</pElem>
          </incDir>
        </ccTool>
      </item>
      <item path="../src/viewport_gui.cpp" ex="false" tool="1">
        <ccTool>
          <incDir>
            <pElem>../src</pElem>
            <pElem>../objs/lang</pElem>
          </incDir>
        </ccTool>
      </item>
      <item path="../src/water_cmd.cpp" ex="false" tool="1">
        <ccTool>
          <incDir>
            <pElem>../src</pElem>
            <pElem>../objs/lang</pElem>
          </incDir>
        </ccTool>
      </item>
      <item path="../src/waypoint.cpp" ex="false" tool="1">
        <ccTool>
          <incDir>
            <pElem>../src</pElem>
          </incDir>
        </ccTool>
      </item>
      <item path="../src/waypoint_cmd.cpp" ex="false" tool="1">
        <ccTool>
          <incDir>
            <pElem>../src</pElem>
            <pElem>../objs/lang</pElem>
          </incDir>
        </ccTool>
      </item>
      <item path="../src/waypoint_gui.cpp" ex="false" tool="1">
        <ccTool>
          <incDir>
            <pElem>../src</pElem>
            <pElem>../objs/lang</pElem>
          </incDir>
        </ccTool>
      </item>
      <item path="../src/widget.cpp" ex="false" tool="1">
        <ccTool>
          <incDir>
            <pElem>../src</pElem>
            <pElem>../objs/lang</pElem>
          </incDir>
        </ccTool>
      </item>
      <item path="../src/window.cpp" ex="false" tool="1">
        <ccTool>
          <incDir>
            <pElem>../src</pElem>
          </incDir>
        </ccTool>
      </item>
      <folder path="trunk/os/dos">
        <cTool>
          <incDir>
            <pElem>../os/dos</pElem>
          </incDir>
        </cTool>
      </folder>
      <folder path="trunk/os/os2">
        <cTool>
          <incDir>
            <pElem>../os/os2</pElem>
          </incDir>
        </cTool>
      </folder>
      <folder path="trunk/src/3rdparty/md5">
        <ccTool>
          <incDir>
            <pElem>../src/3rdparty/md5</pElem>
          </incDir>
        </ccTool>
      </folder>
      <folder path="trunk/src/3rdparty/minilzo">
        <cTool>
          <incDir>
            <pElem>../src/3rdparty/minilzo</pElem>
          </incDir>
        </cTool>
      </folder>
      <folder path="trunk/src/3rdparty/squirrel">
        <cTool>
          <incDir>
            <pElem>../src/3rdparty/squirrel/include</pElem>
          </incDir>
        </cTool>
        <ccTool>
          <incDir>
            <pElem>../src/3rdparty/squirrel/include</pElem>
          </incDir>
        </ccTool>
      </folder>
      <folder path="trunk/src/3rdparty/squirrel/etc">
        <cTool>
          <incDir>
            <pElem>../src/3rdparty/squirrel/etc</pElem>
          </incDir>
        </cTool>
      </folder>
      <folder path="trunk/src/3rdparty/squirrel/sq">
        <cTool>
          <incDir>
            <pElem>../src/3rdparty/squirrel/sq</pElem>
          </incDir>
        </cTool>
      </folder>
      <folder path="trunk/src/3rdparty/squirrel/sqstdlib">
        <ccTool>
          <incDir>
            <pElem>../src/3rdparty/squirrel/sqstdlib</pElem>
          </incDir>
        </ccTool>
      </folder>
      <folder path="trunk/src/3rdparty/squirrel/squirrel">
        <ccTool>
          <incDir>
            <pElem>../src/3rdparty/squirrel/squirrel</pElem>
          </incDir>
        </ccTool>
      </folder>
      <folder path="trunk/src/ai/api">
        <ccTool>
          <incDir>
            <pElem>../src/ai/api</pElem>
          </incDir>
        </ccTool>
      </folder>
      <folder path="trunk/src/blitter">
        <ccTool>
          <incDir>
            <pElem>../src/blitter</pElem>
          </incDir>
        </ccTool>
      </folder>
      <folder path="trunk/src/core">
        <ccTool>
          <incDir>
            <pElem>../src/core</pElem>
          </incDir>
        </ccTool>
      </folder>
      <folder path="trunk/src/depend">
        <ccTool>
          <incDir>
            <pElem>../src/depend</pElem>
          </incDir>
        </ccTool>
      </folder>
      <folder path="trunk/src/misc">
        <ccTool>
          <incDir>
            <pElem>../src/misc</pElem>
          </incDir>
        </ccTool>
      </folder>
      <folder path="trunk/src/music">
        <ccTool>
          <incDir>
            <pElem>../src/music</pElem>
          </incDir>
        </ccTool>
      </folder>
      <folder path="trunk/src/network/core">
        <ccTool>
          <incDir>
            <pElem>../src/network/core</pElem>
          </incDir>
        </ccTool>
      </folder>
      <folder path="trunk/src/os/macosx">
        <ccTool>
          <incDir>
            <pElem>../src/os/macosx</pElem>
          </incDir>
        </ccTool>
      </folder>
      <folder path="trunk/src/os/os2">
        <ccTool>
          <incDir>
            <pElem>../src/os/os2</pElem>
            <pElem>../objs/lang</pElem>
          </incDir>
        </ccTool>
      </folder>
      <folder path="trunk/src/os/unix">
        <ccTool>
          <incDir>
            <pElem>../src/os/unix</pElem>
          </incDir>
        </ccTool>
      </folder>
      <folder path="trunk/src/os/windows">
        <ccTool>
          <incDir>
            <pElem>../src/os/windows</pElem>
          </incDir>
        </ccTool>
      </folder>
      <folder path="trunk/src/saveload">
        <ccTool>
          <incDir>
            <pElem>../src/saveload</pElem>
          </incDir>
        </ccTool>
      </folder>
      <folder path="trunk/src/script">
        <ccTool>
          <incDir>
            <pElem>../src/script</pElem>
            <pElem>../src/3rdparty/squirrel/include</pElem>
          </incDir>
        </ccTool>
      </folder>
      <folder path="trunk/src/sound">
        <ccTool>
          <incDir>
            <pElem>../src/sound</pElem>
          </incDir>
        </ccTool>
      </folder>
      <folder path="trunk/src/spriteloader">
        <ccTool>
          <incDir>
            <pElem>../src/spriteloader</pElem>
          </incDir>
        </ccTool>
      </folder>
      <folder path="trunk/src/strgen">
        <ccTool>
          <incDir>
            <pElem>../src/strgen</pElem>
          </incDir>
        </ccTool>
      </folder>
      <folder path="trunk/src/thread">
        <ccTool>
          <incDir>
            <pElem>../src/thread</pElem>
          </incDir>
        </ccTool>
      </folder>
      <folder path="trunk/src/video/cocoa">
        <ccTool>
          <incDir>
            <pElem>../src/video/cocoa</pElem>
          </incDir>
        </ccTool>
      </folder>
      <folder path="trunk/src/widgets">
        <ccTool>
          <incDir>
            <pElem>../src/widgets</pElem>
            <pElem>../objs/lang</pElem>
          </incDir>
        </ccTool>
      </folder>
      <folder path="trunk/src/yapf">
        <ccTool>
          <incDir>
            <pElem>../src/yapf</pElem>
          </incDir>
        </ccTool>
      </folder>
    </conf>
  </confs>
</configurationDescriptor>
