<?xml version="1.0" encoding="UTF-8"?>
<project xmlns="http://www.netbeans.org/ns/project/1">
    <type>org.netbeans.modules.cnd.makeproject</type>
    <configuration>
        <data xmlns="http://www.netbeans.org/ns/make-project/1">
            <name>nb-OpenTTDdump</name>
            <make-project-type>0</make-project-type>
            <c-extensions>c</c-extensions>
            <cpp-extensions>cpp,mm</cpp-extensions>
            <header-extensions>h,hpp,sq</header-extensions>
            <sourceEncoding>windows-1250</sourceEncoding>
            <make-dep-projects/>
        </data>
    </configuration>
</project>
